{
"lengthUnit": "mil",
"components": {
	"fields": ["COMPONENT_NO", "COMPONENT_NAME", "LAYER", "X_COORDINATE", "Y_COORDINATE", "ANGLE"],
	"rows": [
		[1, "BATENABLE", "T", 90.55, -661.42, 270],
		[2, "BATTCON", "T", 3216.54, -2551.18, 0],
		[3, "BLEMCU", "T", 90.55, -1078.74, 270],
		[4, "CHARGE-", "T", 1113.68, -124.17, 0],
		[5, "CHARGE+", "T", 255.91, -881.89, 0],
		[6, "COLUMN1", "T", 1066.43, -882.6, 0],
		[7, "COUMN0", "T", 358.27, -1047.24, 0],
		[8, "D1", "T", 1405.51, -2964.57, 106],
		[9, "D2", "T", 1137.8, -2299.21, 90],
		[10, "D3", "T", 1137.8, -1405.51, 90],
		[11, "D4", "T", 2220.47, -2803.15, 96],
		[12, "D6", "T", 4133.86, -2027.56, 90],
		[13, "D8", "T", 4877.96, -2137.8, 90],
		[14, "D9", "T", 5625.99, -2165.36, 90],
		[15, "D10", "T", 1889.76, -2090.55, 90],
		[16, "D11", "T", 2633.86, -2074.8, 90],
		[17, "D12", "T", 3381.89, -2003.94, 90],
		[18, "D13", "T", 4129.92, -1370.08, 90],
		[19, "D14", "T", 4877.96, -1440.95, 90],
		[20, "D15", "T", 5629.92, -1472.44, 90],
		[21, "D16", "T", 1885.83, -1366.14, 90],
		[22, "D17", "T", 2645.67, -1342.52, 90],
		[23, "D18", "T", 3350.4, -1236.22, 90],
		[24, "D19", "T", 4137.8, -594.49, 90],
		[25, "D20", "T", 4877.96, -649.61, 90],
		[26, "D21", "T", 5618.11, -665.35, 90],
		[27, "D22", "T", 1881.89, -669.29, 90],
		[28, "D23", "T", 2625.99, -641.73, 90],
		[29, "D24", "T", 3381.89, -570.87, 90],
		[30, "D25", "T", 251.97, -1267.72, 90],
		[31, "D26", "T", 3007.88, -2822.84, 90],
		[32, "I2CBus1", "T", 133.86, -248.03, 90],
		[33, "LED13", "T", 90.55, -2125.99, 90],
		[34, "LED14", "T", 90.55, -1972.28, 90],
		[35, "LED15", "T", 90.55, -1818.57, 90],
		[36, "LED16", "T", 90.55, -1664.86, 90],
		[37, "LED17", "T", 90.55, -1534.94, 90],
		[38, "LED18", "T", 90.55, -1392.87, 90],
		[39, "R1C1", "T", 2260.43, -1226.3, 0],
		[40, "R1C2", "T", 3008.46, -1132.56, 0],
		[41, "R1C3", "T", 3756.5, -1226.3, 0],
		[42, "R1C4", "T", 4504.53, -1359.41, 0],
		[43, "R1C5", "T", 5252.56, -1359.41, 0],
		[44, "R1CO", "T", 1512.4, -1320.04, 0],
		[45, "R2C1", "T", 2259.84, -1974.33, 0],
		[46, "R2C2", "T", 3008.46, -1880.59, 0],
		[47, "R2C3", "T", 3756.5, -1974.33, 0],
		[48, "R2C4", "T", 4504.53, -2107.44, 0],
		[49, "R2C5", "T", 5252.56, -2107.44, 0],
		[50, "R2CO", "T", 1512.4, -2068.07, 0],
		[51, "R3C1", "T", 764.37, -1320.04, 0],
		[52, "R3C2", "T", 764.37, -2068.07, 0],
		[53, "R3C3", "T", 1031.5, -3153.54, 23.88],
		[54, "R3C4", "T", 1814.96, -2901.57, 11.94],
		[55, "R3C5", "T", 2634.45, -2816.1, 0],
		[56, "ROC1", "T", 2260.43, -478.27, 0],
		[57, "ROC2", "T", 3008.46, -384.53, 0],
		[58, "ROC3", "T", 3756.5, -478.27, 0],
		[59, "ROC4", "T", 4504.53, -611.38, 0],
		[60, "ROC5", "T", 5252.56, -611.38, 0],
		[61, "ROCO", "T", 1512.4, -572.01, 0],
		[62, "U16", "T", 649.61, -417.32, 0],
		[63, "U20", "T", 208.66, -2606.3, 270]
	]
},
"pins": {
	"fields": ["PIN_NO", "PIN_NAME", "PIN_X", "PIN_Y", "LAYER", "PIN_TYPE", "NET_NAME", "NET_TYPE", "PAD_SHAPE", "PAD_SIZEX", "PAD_SIZEY", "HOLE_SIZE", "PAD_ANGLE"],
	"rows": [
		[1, "BATENABLE_1", 90.55, -582.68, "T", "DIP", "CHARGE+", "", "C", 60, 60, 36, 270],
		[2, "BATENABLE_1", 90.55, -582.68, "B", "DIP", "CHARGE+", "", "C", 60, 60, 36, 270],
		[3, "BATENABLE_2", 90.55, -661.42, "T", "DIP", "BAT+", "", "C", 60, 60, 36, 270],
		[4, "BATENABLE_2", 90.55, -661.42, "B", "DIP", "BAT+", "", "C", 60, 60, 36, 270],
		[5, "BATENABLE_3", 90.55, -740.16, "T", "DIP", "BATENABLE_3", "", "C", 60, 60, 36, 270],
		[6, "BATENABLE_3", 90.55, -740.16, "B", "DIP", "BATENABLE_3", "", "C", 60, 60, 36, 270],
		[7, "BATENABLE_EH", 90.55, -818.9, "T", "DIP", "BATENABLE_EH", "", "O", 62.99, 78.74, 55.12, 270],
		[8, "BATENABLE_EH", 90.55, -818.9, "B", "DIP", "BATENABLE_EH", "", "O", 62.99, 78.74, 55.12, 270],
		[9, "BATENABLE_EH", 90.55, -503.94, "T", "DIP", "BATENABLE_A_EH", "", "O", 62.99, 78.74, 55.12, 270],
		[10, "BATENABLE_EH", 90.55, -503.94, "B", "DIP", "BATENABLE_A_EH", "", "O", 62.99, 78.74, 55.12, 270],
		[11, "BATTCON_1", 3166.54, -2551.18, "T", "DIP", "BAT+", "", "R", 66.93, 66.93, 39.37, 0],
		[12, "BATTCON_1", 3166.54, -2551.18, "B", "DIP", "BAT+", "", "R", 66.93, 66.93, 39.37, 0],
		[13, "BATTCON_2", 3266.54, -2551.18, "T", "DIP", "CHARGE-", "", "C", 66.93, 66.93, 39.37, 0],
		[14, "BATTCON_2", 3266.54, -2551.18, "B", "DIP", "CHARGE-", "", "C", 66.93, 66.93, 39.37, 0],
		[15, "BLEMCU_1", 90.55, -1000, "T", "DIP", "ROW3", "", "C", 60, 60, 36, 270],
		[16, "BLEMCU_1", 90.55, -1000, "B", "DIP", "ROW3", "", "C", 60, 60, 36, 270],
		[17, "BLEMCU_2", 90.55, -1078.74, "T", "DIP", "$2N20373", "", "C", 60, 60, 36, 270],
		[18, "BLEMCU_2", 90.55, -1078.74, "B", "DIP", "$2N20373", "", "C", 60, 60, 36, 270],
		[19, "BLEMCU_3", 90.55, -1157.48, "T", "DIP", "BLEMCU_3", "", "C", 60, 60, 36, 270],
		[20, "BLEMCU_3", 90.55, -1157.48, "B", "DIP", "BLEMCU_3", "", "C", 60, 60, 36, 270],
		[21, "BLEMCU_EH", 90.55, -1236.22, "T", "DIP", "BLEMCU_EH", "", "O", 62.99, 78.74, 55.12, 270],
		[22, "BLEMCU_EH", 90.55, -1236.22, "B", "DIP", "BLEMCU_EH", "", "O", 62.99, 78.74, 55.12, 270],
		[23, "BLEMCU_EH", 90.55, -921.26, "T", "DIP", "BLEMCU_A_EH", "", "O", 62.99, 78.74, 55.12, 270],
		[24, "BLEMCU_EH", 90.55, -921.26, "B", "DIP", "BLEMCU_A_EH", "", "O", 62.99, 78.74, 55.12, 270],
		[25, "CHARGE-_1", 1113.68, -124.17, "T", "DIP", "CHARGE-", "", "R", 55.12, 55.12, 35.43, 0],
		[26, "CHARGE-_1", 1113.68, -124.17, "B", "DIP", "CHARGE-", "", "R", 55.12, 55.12, 35.43, 0],
		[27, "CHARGE+_1", 255.91, -881.89, "T", "DIP", "CHARGE+", "", "R", 55.12, 55.12, 35.43, 0],
		[28, "CHARGE+_1", 255.91, -881.89, "B", "DIP", "CHARGE+", "", "R", 55.12, 55.12, 35.43, 0],
		[29, "COLUMN1_1", 1066.43, -882.6, "T", "DIP", "COLUMN1", "", "R", 55.12, 55.12, 35.43, 0],
		[30, "COLUMN1_1", 1066.43, -882.6, "B", "DIP", "COLUMN1", "", "R", 55.12, 55.12, 35.43, 0],
		[31, "COUMN0_1", 358.27, -1047.24, "T", "DIP", "COLUMN0", "", "R", 55.12, 55.12, 35.43, 0],
		[32, "COUMN0_1", 358.27, -1047.24, "B", "DIP", "COLUMN0", "", "R", 55.12, 55.12, 35.43, 0],
		[33, "D1_1", 1423.88, -3028.62, "T", "SMD", "COLUMN3", "", "R", 34.65, 38.98, 0, 106],
		[34, "D1_2", 1387.15, -2900.52, "T", "SMD", "$2N21559", "", "R", 34.65, 38.98, 0, 106],
		[35, "D2_1", 1137.8, -2365.84, "T", "SMD", "COLUMN2", "", "R", 34.65, 38.98, 0, 90],
		[36, "D2_2", 1137.8, -2232.58, "T", "SMD", "$2N2144", "", "R", 34.65, 38.98, 0, 90],
		[37, "D3_1", 1137.8, -1472.14, "T", "SMD", "COLUMN1", "", "R", 34.65, 38.98, 0, 90],
		[38, "D3_2", 1137.8, -1338.88, "T", "SMD", "$2N21436", "", "R", 34.65, 38.98, 0, 90],
		[39, "D4_1", 2227.44, -2869.42, "T", "SMD", "COLUMN4", "", "R", 34.65, 38.98, 0, 96],
		[40, "D4_2", 2213.51, -2736.89, "T", "SMD", "$2N35983", "", "R", 34.65, 38.98, 0, 96],
		[41, "D6_1", 4133.86, -2094.19, "T", "SMD", "COLUMN3", "", "R", 34.65, 38.98, 0, 90],
		[42, "D6_2", 4133.86, -1960.93, "T", "SMD", "$2N2120", "", "R", 34.65, 38.98, 0, 90],
		[43, "D8_1", 4877.96, -2204.43, "T", "SMD", "COLUMN4", "", "R", 34.65, 38.98, 0, 90],
		[44, "D8_2", 4877.96, -2071.17, "T", "SMD", "$2N2117", "", "R", 34.65, 38.98, 0, 90],
		[45, "D9_1", 5625.99, -2231.99, "T", "SMD", "COLUMN5", "", "R", 34.65, 38.98, 0, 90],
		[46, "D9_2", 5625.99, -2098.73, "T", "SMD", "$2N2114", "", "R", 34.65, 38.98, 0, 90],
		[47, "D10_1", 1889.76, -2157.18, "T", "SMD", "COLUMN0", "", "R", 34.65, 38.98, 0, 90],
		[48, "D10_2", 1889.76, -2023.92, "T", "SMD", "$2N2132", "", "R", 34.65, 38.98, 0, 90],
		[49, "D11_1", 2633.86, -2141.43, "T", "SMD", "COLUMN1", "", "R", 34.65, 38.98, 0, 90],
		[50, "D11_2", 2633.86, -2008.17, "T", "SMD", "$2N2129", "", "R", 34.65, 38.98, 0, 90],
		[51, "D12_1", 3381.89, -2070.57, "T", "SMD", "COLUMN2", "", "R", 34.65, 38.98, 0, 90],
		[52, "D12_2", 3381.89, -1937.31, "T", "SMD", "$2N2123", "", "R", 34.65, 38.98, 0, 90],
		[53, "D13_1", 4129.92, -1436.71, "T", "SMD", "COLUMN3", "", "R", 34.65, 38.98, 0, 90],
		[54, "D13_2", 4129.92, -1303.45, "T", "SMD", "$2N2105", "", "R", 34.65, 38.98, 0, 90],
		[55, "D14_1", 4877.96, -1507.58, "T", "SMD", "COLUMN4", "", "R", 34.65, 38.98, 0, 90],
		[56, "D14_2", 4877.96, -1374.32, "T", "SMD", "$2N2108", "", "R", 34.65, 38.98, 0, 90],
		[57, "D15_1", 5629.92, -1539.07, "T", "SMD", "COLUMN5", "", "R", 34.65, 38.98, 0, 90],
		[58, "D15_2", 5629.92, -1405.81, "T", "SMD", "$2N2111", "", "R", 34.65, 38.98, 0, 90],
		[59, "D16_1", 1885.83, -1432.77, "T", "SMD", "COLUMN0", "", "R", 34.65, 38.98, 0, 90],
		[60, "D16_2", 1885.83, -1299.51, "T", "SMD", "$2N2096", "", "R", 34.65, 38.98, 0, 90],
		[61, "D17_1", 2645.67, -1409.15, "T", "SMD", "COLUMN1", "", "R", 34.65, 38.98, 0, 90],
		[62, "D17_2", 2645.67, -1275.89, "T", "SMD", "$2N2099", "", "R", 34.65, 38.98, 0, 90],
		[63, "D18_1", 3350.4, -1302.85, "T", "SMD", "COLUMN2", "", "R", 34.65, 38.98, 0, 90],
		[64, "D18_2", 3350.4, -1169.59, "T", "SMD", "$2N2102", "", "R", 34.65, 38.98, 0, 90],
		[65, "D19_1", 4137.8, -661.12, "T", "SMD", "COLUMN3", "", "R", 34.65, 38.98, 0, 90],
		[66, "D19_2", 4137.8, -527.86, "T", "SMD", "$2N2083", "", "R", 34.65, 38.98, 0, 90],
		[67, "D20_1", 4877.96, -716.24, "T", "SMD", "COLUMN4", "", "R", 34.65, 38.98, 0, 90],
		[68, "D20_2", 4877.96, -582.98, "T", "SMD", "$2N2086", "", "R", 34.65, 38.98, 0, 90],
		[69, "D21_1", 5618.11, -731.98, "T", "SMD", "COLUMN5", "", "R", 34.65, 38.98, 0, 90],
		[70, "D21_2", 5618.11, -598.72, "T", "SMD", "$2N2089", "", "R", 34.65, 38.98, 0, 90],
		[71, "D22_1", 1881.89, -735.92, "T", "SMD", "COLUMN0", "", "R", 34.65, 38.98, 0, 90],
		[72, "D22_2", 1881.89, -602.66, "T", "SMD", "$2N2074", "", "R", 34.65, 38.98, 0, 90],
		[73, "D23_1", 2625.99, -708.36, "T", "SMD", "COLUMN1", "", "R", 34.65, 38.98, 0, 90],
		[74, "D23_2", 2625.99, -575.1, "T", "SMD", "$2N2077", "", "R", 34.65, 38.98, 0, 90],
		[75, "D24_1", 3381.89, -637.5, "T", "SMD", "COLUMN2", "", "R", 34.65, 38.98, 0, 90],
		[76, "D24_2", 3381.89, -504.24, "T", "SMD", "$2N2080", "", "R", 34.65, 38.98, 0, 90],
		[77, "D25_1", 251.97, -1334.35, "T", "SMD", "COLUMN0", "", "R", 34.65, 38.98, 0, 90],
		[78, "D25_2", 251.97, -1201.09, "T", "SMD", "$2N20373", "", "R", 34.65, 38.98, 0, 90],
		[79, "D26_1", 3007.88, -2889.47, "T", "SMD", "COLUMN5", "", "R", 34.65, 38.98, 0, 90],
		[80, "D26_2", 3007.88, -2756.21, "T", "SMD", "$2N36189", "", "R", 34.65, 38.98, 0, 90],
		[81, "I2CBus1_1", 183.86, -348.03, "T", "DIP", "3.3V", "", "R", 66.93, 62.99, 39.37, 90],
		[82, "I2CBus1_1", 183.86, -348.03, "B", "DIP", "3.3V", "", "R", 66.93, 62.99, 39.37, 90],
		[83, "I2CBus1_2", 83.86, -348.03, "T", "DIP", "GND", "GND", "C", 62.99, 62.99, 39.37, 90],
		[84, "I2CBus1_2", 83.86, -348.03, "B", "DIP", "GND", "GND", "C", 62.99, 62.99, 39.37, 90],
		[85, "I2CBus1_3", 183.86, -248.03, "T", "DIP", "SCL", "", "C", 62.99, 62.99, 39.37, 90],
		[86, "I2CBus1_3", 183.86, -248.03, "B", "DIP", "SCL", "", "C", 62.99, 62.99, 39.37, 90],
		[87, "I2CBus1_4", 83.86, -248.03, "T", "DIP", "SDA", "", "C", 62.99, 62.99, 39.37, 90],
		[88, "I2CBus1_4", 83.86, -248.03, "B", "DIP", "SDA", "", "C", 62.99, 62.99, 39.37, 90],
		[89, "I2CBus1_5", 183.86, -148.03, "T", "DIP", "VBUS", "", "C", 62.99, 62.99, 39.37, 90],
		[90, "I2CBus1_5", 183.86, -148.03, "B", "DIP", "VBUS", "", "C", 62.99, 62.99, 39.37, 90],
		[91, "I2CBus1_6", 83.86, -148.03, "T", "DIP", "LED_OUT", "", "C", 62.99, 62.99, 39.37, 90],
		[92, "I2CBus1_6", 83.86, -148.03, "B", "DIP", "LED_OUT", "", "C", 62.99, 62.99, 39.37, 90],
		[93, "LED13_1", 72.84, -2155.52, "T", "SMD", "LED_OUT", "", "R", 31.5, 25.59, 0, 270],
		[94, "LED13_2", 72.84, -2096.46, "T", "SMD", "VBUS", "", "R", 31.5, 25.59, 0, 270],
		[95, "LED13_3", 108.27, -2155.52, "T", "SMD", "GND", "GND", "R", 31.5, 25.59, 0, 270],
		[96, "LED13_4", 108.27, -2096.46, "T", "SMD", "$3N3699", "", "R", 31.5, 25.59, 0, 270],
		[97, "LED14_1", 72.84, -2001.81, "T", "SMD", "$3N3699", "", "R", 31.5, 25.59, 0, 270],
		[98, "LED14_2", 72.84, -1942.75, "T", "SMD", "VBUS", "", "R", 31.5, 25.59, 0, 270],
		[99, "LED14_3", 108.27, -2001.81, "T", "SMD", "GND", "GND", "R", 31.5, 25.59, 0, 270],
		[100, "LED14_4", 108.27, -1942.75, "T", "SMD", "$3N3698", "", "R", 31.5, 25.59, 0, 270],
		[101, "LED15_1", 72.84, -1848.1, "T", "SMD", "$3N3698", "", "R", 31.5, 25.59, 0, 270],
		[102, "LED15_2", 72.84, -1789.04, "T", "SMD", "VBUS", "", "R", 31.5, 25.59, 0, 270],
		[103, "LED15_3", 108.27, -1848.1, "T", "SMD", "GND", "GND", "R", 31.5, 25.59, 0, 270],
		[104, "LED15_4", 108.27, -1789.04, "T", "SMD", "$3N3690", "", "R", 31.5, 25.59, 0, 270],
		[105, "LED16_1", 72.84, -1694.39, "T", "SMD", "$3N3690", "", "R", 31.5, 25.59, 0, 270],
		[106, "LED16_2", 72.84, -1635.33, "T", "SMD", "VBUS", "", "R", 31.5, 25.59, 0, 270],
		[107, "LED16_3", 108.27, -1694.39, "T", "SMD", "GND", "GND", "R", 31.5, 25.59, 0, 270],
		[108, "LED16_4", 108.27, -1635.33, "T", "SMD", "$3N3689", "", "R", 31.5, 25.59, 0, 270],
		[109, "LED17_1", 72.84, -1564.47, "T", "SMD", "$3N3689", "", "R", 31.5, 25.59, 0, 270],
		[110, "LED17_2", 72.84, -1505.41, "T", "SMD", "VBUS", "", "R", 31.5, 25.59, 0, 270],
		[111, "LED17_3", 108.27, -1564.47, "T", "SMD", "GND", "GND", "R", 31.5, 25.59, 0, 270],
		[112, "LED17_4", 108.27, -1505.41, "T", "SMD", "$3N3688", "", "R", 31.5, 25.59, 0, 270],
		[113, "LED18_1", 72.84, -1422.4, "T", "SMD", "$3N3688", "", "R", 31.5, 25.59, 0, 270],
		[114, "LED18_2", 72.84, -1363.34, "T", "SMD", "VBUS", "", "R", 31.5, 25.59, 0, 270],
		[115, "LED18_3", 108.27, -1422.4, "T", "SMD", "GND", "GND", "R", 31.5, 25.59, 0, 270],
		[116, "LED18_4", 108.27, -1363.34, "T", "SMD", "RGB_CTRL", "", "R", 31.5, 25.59, 0, 270],
		[117, "R1C1_1", 2009.29, -997.99, "B", "SMD", "ROW1", "", "P", 100, 100, 0, 0],
		[118, "R1C1_2", 2580.55, -1041.3, "B", "SMD", "$2N2099", "", "P", 100, 100, 0, 0],
		[119, "R1C2_1", 2757.32, -904.25, "B", "SMD", "ROW1", "", "P", 100, 100, 0, 0],
		[120, "R1C2_2", 3328.58, -947.56, "B", "SMD", "$2N2102", "", "P", 100, 100, 0, 0],
		[121, "R1C3_1", 3505.35, -997.99, "B", "SMD", "ROW1", "", "P", 100, 100, 0, 0],
		[122, "R1C3_2", 4076.61, -1041.3, "B", "SMD", "$2N2105", "", "P", 100, 100, 0, 0],
		[123, "R1C4_1", 4253.38, -1131.1, "B", "SMD", "ROW1", "", "P", 100, 100, 0, 0],
		[124, "R1C4_2", 4824.65, -1174.41, "B", "SMD", "$2N2108", "", "P", 100, 100, 0, 0],
		[125, "R1C5_1", 5001.41, -1131.1, "B", "SMD", "ROW1", "", "P", 100, 100, 0, 0],
		[126, "R1C5_2", 5572.68, -1174.41, "B", "SMD", "$2N2111", "", "P", 100, 100, 0, 0],
		[127, "R1CO_1", 1261.26, -1091.73, "B", "SMD", "ROW1", "", "P", 100, 100, 0, 0],
		[128, "R1CO_2", 1832.52, -1135.04, "B", "SMD", "$2N2096", "", "P", 100, 100, 0, 0],
		[129, "R2C1_1", 2008.7, -1746.02, "B", "SMD", "ROW2", "", "P", 100, 100, 0, 0],
		[130, "R2C1_2", 2579.96, -1789.33, "B", "SMD", "$2N2129", "", "P", 100, 100, 0, 0],
		[131, "R2C2_1", 2757.32, -1652.28, "B", "SMD", "ROW2", "", "P", 100, 100, 0, 0],
		[132, "R2C2_2", 3328.58, -1695.59, "B", "SMD", "$2N2123", "", "P", 100, 100, 0, 0],
		[133, "R2C3_1", 3505.35, -1746.02, "B", "SMD", "ROW2", "", "P", 100, 100, 0, 0],
		[134, "R2C3_2", 4076.61, -1789.33, "B", "SMD", "$2N2120", "", "P", 100, 100, 0, 0],
		[135, "R2C4_1", 4253.38, -1879.13, "B", "SMD", "ROW2", "", "P", 100, 100, 0, 0],
		[136, "R2C4_2", 4824.65, -1922.44, "B", "SMD", "$2N2117", "", "P", 100, 100, 0, 0],
		[137, "R2C5_1", 5001.41, -1879.13, "B", "SMD", "ROW2", "", "P", 100, 100, 0, 0],
		[138, "R2C5_2", 5572.68, -1922.44, "B", "SMD", "$2N2114", "", "P", 100, 100, 0, 0],
		[139, "R2CO_1", 1261.26, -1839.76, "B", "SMD", "ROW2", "", "P", 100, 100, 0, 0],
		[140, "R2CO_2", 1832.52, -1883.07, "B", "SMD", "$2N2132", "", "P", 100, 100, 0, 0],
		[141, "R3C1_1", 513.23, -1091.73, "B", "SMD", "ROW3", "", "P", 100, 100, 0, 0],
		[142, "R3C1_2", 1084.49, -1135.04, "B", "SMD", "$2N21436", "", "P", 100, 100, 0, 0],
		[143, "R3C2_1", 513.23, -1839.76, "B", "SMD", "ROW3", "", "P", 100, 100, 0, 0],
		[144, "R3C2_2", 1084.49, -1883.07, "B", "SMD", "$2N2144", "", "P", 100, 100, 0, 0],
		[145, "R3C3_1", 709.43, -3046.45, "B", "SMD", "ROW3", "", "P", 131.92, 131.92, 0, 23.88],
		[146, "R3C3_2", 1249.32, -2854.79, "B", "SMD", "$2N21559", "", "P", 131.92, 131.92, 0, 23.88],
		[147, "R3C4_1", 1522.02, -2730.17, "B", "SMD", "ROW3", "", "P", 118.53, 118.53, 0, 11.94],
		[148, "R3C4_2", 2089.88, -2654.35, "B", "SMD", "$2N35983", "", "P", 118.53, 118.53, 0, 11.94],
		[149, "R3C5_1", 2383.3, -2587.8, "B", "SMD", "ROW3", "", "P", 100, 100, 0, 0],
		[150, "R3C5_2", 2954.57, -2631.1, "B", "SMD", "$2N36189", "", "P", 100, 100, 0, 0],
		[151, "ROC1_1", 2009.29, -249.96, "B", "SMD", "ROW0", "", "P", 100, 100, 0, 0],
		[152, "ROC1_2", 2580.55, -293.27, "B", "SMD", "$2N2077", "", "P", 100, 100, 0, 0],
		[153, "ROC2_1", 2757.32, -156.22, "B", "SMD", "ROW0", "", "P", 100, 100, 0, 0],
		[154, "ROC2_2", 3328.58, -199.53, "B", "SMD", "$2N2080", "", "P", 100, 100, 0, 0],
		[155, "ROC3_1", 3505.35, -249.96, "B", "SMD", "ROW0", "", "P", 100, 100, 0, 0],
		[156, "ROC3_2", 4076.61, -293.27, "B", "SMD", "$2N2083", "", "P", 100, 100, 0, 0],
		[157, "ROC4_1", 4253.38, -383.07, "B", "SMD", "ROW0", "", "P", 100, 100, 0, 0],
		[158, "ROC4_2", 4824.65, -426.38, "B", "SMD", "$2N2086", "", "P", 100, 100, 0, 0],
		[159, "ROC5_1", 5001.41, -383.07, "B", "SMD", "ROW0", "", "P", 100, 100, 0, 0],
		[160, "ROC5_2", 5572.68, -426.38, "B", "SMD", "$2N2089", "", "P", 100, 100, 0, 0],
		[161, "ROCO_1", 1261.26, -343.7, "B", "SMD", "ROW0", "", "P", 100, 100, 0, 0],
		[162, "ROCO_2", 1832.52, -387.01, "B", "SMD", "$2N2074", "", "P", 100, 100, 0, 0],
		[163, "U16_1", 314.96, -117.32, "T", "SMD", "RGB_CTRL", "", "R", 118.11, 78.74, 0, 0],
		[164, "U16_2", 314.96, -217.32, "T", "SMD", "ROW0", "", "R", 118.11, 78.74, 0, 0],
		[165, "U16_3", 314.96, -317.32, "T", "SMD", "ROW1", "", "R", 118.11, 78.74, 0, 0],
		[166, "U16_4", 314.96, -417.32, "T", "SMD", "ROW2", "", "R", 118.11, 78.74, 0, 0],
		[167, "U16_5", 314.96, -517.32, "T", "SMD", "ROW3", "", "R", 118.11, 78.74, 0, 0],
		[168, "U16_6", 314.96, -617.32, "T", "SMD", "SDA", "", "R", 118.11, 78.74, 0, 0],
		[169, "U16_7", 314.96, -717.32, "T", "SMD", "SCL", "", "R", 118.11, 78.74, 0, 0],
		[170, "U16_8", 984.25, -717.32, "T", "SMD", "COLUMN2", "", "R", 118.11, 78.74, 0, 0],
		[171, "U16_9", 984.25, -617.32, "T", "SMD", "COLUMN3", "", "R", 118.11, 78.74, 0, 0],
		[172, "U16_10", 984.25, -517.32, "T", "SMD", "COLUMN4", "", "R", 118.11, 78.74, 0, 0],
		[173, "U16_11", 984.25, -417.32, "T", "SMD", "COLUMN5", "", "R", 118.11, 78.74, 0, 0],
		[174, "U16_12", 984.25, -317.32, "T", "SMD", "3.3V", "", "R", 118.11, 78.74, 0, 0],
		[175, "U16_13", 984.25, -217.32, "T", "SMD", "GND", "GND", "R", 118.11, 78.74, 0, 0],
		[176, "U16_14", 984.25, -117.32, "T", "SMD", "VBUS", "", "R", 118.11, 78.74, 0, 0],
		[177, "U16_15", 599.61, -87.01, "T", "SMD", "U16_15", "", "C", 59.05, 59.05, 0, 0],
		[178, "U16_16", 699.61, -87.01, "T", "SMD", "U16_16", "", "C", 59.05, 59.05, 0, 0],
		[179, "U16_17", 599.61, -187.01, "T", "SMD", "U16_17", "", "C", 59.05, 59.05, 0, 0],
		[180, "U16_18", 699.61, -187.01, "T", "SMD", "U16_18", "", "C", 59.05, 59.05, 0, 0],
		[181, "U16_19", 799.21, -781.5, "T", "SMD", "COLUMN0", "", "R", 70, 45, 0, 90],
		[182, "U16_20", 874.02, -781.5, "T", "SMD", "COLUMN1", "", "R", 70, 45, 0, 90],
		[183, "U16_21", 472.44, -330.71, "T", "SMD", "CHARGE-", "", "R", 90.55, 51.18, 0, 180],
		[184, "U16_22", 472.44, -405.51, "T", "SMD", "CHARGE+", "", "R", 90.55, 51.18, 0, 180],
		[185, "U20_12", 272.93, -2406.69, "T", "SMD", "U20_12", "", "R", 70.87, 57.09, 0, 270],
		[186, "U20_13", 272.93, -2805.9, "T", "SMD", "U20_13", "", "R", 70.87, 57.09, 0, 270],
		[187, "U20_14", 108.36, -2406.69, "T", "SMD", "U20_14", "", "R", 70.87, 47.24, 0, 270],
		[188, "U20_15", 108.36, -2805.9, "T", "SMD", "U20_15", "", "R", 70.87, 47.24, 0, 270],
		[189, "U20_A12B1", 308.97, -2734.24, "T", "SMD", "GND", "GND", "R", 23.62, 57.09, 0, 270],
		[190, "U20_A1B12", 308.97, -2478.34, "T", "SMD", "GND", "GND", "R", 23.62, 57.09, 0, 270],
		[191, "U20_A4B9", 308.97, -2509.84, "T", "SMD", "VBUS", "", "R", 23.62, 57.09, 0, 270],
		[192, "U20_A5", 308.97, -2557.09, "T", "SMD", "U20_A5", "", "R", 11.81, 57.09, 0, 270],
		[193, "U20_A6", 308.97, -2596.46, "T", "SMD", "SCL", "", "R", 11.81, 57.09, 0, 270],
		[194, "U20_A7", 308.97, -2616.14, "T", "SMD", "SDA", "", "R", 11.81, 57.09, 0, 270],
		[195, "U20_A8", 308.97, -2655.51, "T", "SMD", "U20_A8", "", "R", 11.81, 57.09, 0, 270],
		[196, "U20_A9B4", 308.97, -2702.75, "T", "SMD", "VBUS", "", "R", 23.62, 57.09, 0, 270],
		[197, "U20_B5", 308.97, -2675.2, "T", "SMD", "U20_B5", "", "R", 11.81, 57.09, 0, 270],
		[198, "U20_B6", 308.97, -2635.83, "T", "SMD", "SCL", "", "R", 11.81, 57.09, 0, 270],
		[199, "U20_B7", 308.97, -2576.77, "T", "SMD", "SDA", "", "R", 11.81, 57.09, 0, 270],
		[200, "U20_B8", 308.97, -2537.4, "T", "SMD", "U20_B8", "", "R", 11.81, 57.09, 0, 270]
	]
}
}