{
"lengthUnit": "mil",
"components": {
	"fields": ["COMPONENT_NO", "COMPONENT_NAME", "LAYER", "X_COORDINATE", "Y_COORDINATE", "ANGLE"],
	"rows": [
		[1, "BATCONN", "T", 2511.81, -2551.18, 180],
		[2, "BATENABLE", "T", 5637.8, -661.42, 90],
		[3, "BLEMCU", "T", 5637.8, -1078.74, 90],
		[4, "CHARGE-", "T", 4562.99, -102.36, 0],
		[5, "CHARGE+", "T", 4960.63, -877.95, 0],
		[6, "D6", "T", 3094.49, -2129.92, 90],
		[7, "D8", "T", 3842.52, -2129.92, 90],
		[8, "D9", "T", 4586.62, -2129.92, 90],
		[9, "D10", "T", 850.39, -2129.92, 90],
		[10, "D11", "T", 1598.43, -2129.92, 90],
		[11, "D12", "T", 2342.52, -2129.92, 90],
		[12, "D13", "T", 3098.43, -1381.89, 90],
		[13, "D14", "T", 3846.46, -1381.89, 90],
		[14, "D15", "T", 4590.55, -1381.89, 90],
		[15, "D16", "T", 842.52, -1381.89, 90],
		[16, "D17", "T", 1601.14, -1381.89, 90],
		[17, "D18", "T", 2346.46, -1381.89, 90],
		[18, "D19", "T", 3111.14, -624.84, 90],
		[19, "D20", "T", 3835.19, -624.84, 90],
		[20, "D21", "T", 4590.55, -624.84, 90],
		[21, "D22", "T", 854.33, -633.86, 90],
		[22, "D23", "T", 1601.14, -624.84, 90],
		[23, "D24", "T", 2351.14, -624.84, 90],
		[24, "D30", "T", 3515.75, -2740.16, 84.03],
		[25, "D31", "T", 4299.21, -3055.12, 72.12],
		[26, "D32", "T", 5043.31, -3311.03, 66.12],
		[27, "D33", "T", 5350.4, -2122.05, 90],
		[28, "D34", "T", 5358.27, -1322.84, 90],
		[29, "D35", "T", 5484.25, -1181.1, 90],
		[30, "I2CBus", "T", 5594.49, -248.03, 90],
		[31, "LED13", "T", 5637.8, -2161.42, 90],
		[32, "LED14", "T", 5637.8, -2007.72, 90],
		[33, "LED15", "T", 5637.8, -1854, 90],
		[34, "LED16", "T", 5637.8, -1700.29, 90],
		[35, "LED17", "T", 5637.8, -1546.59, 90],
		[36, "LED18", "T", 5637.8, -1392.88, 90],
		[37, "R1C1", "T", 1225, -1356.93, 0],
		[38, "R1C2", "T", 1971.85, -1226.3, 0],
		[39, "R1C3", "T", 2719.88, -1132.56, 0],
		[40, "R1C4", "T", 3467.91, -1226.3, 0],
		[41, "R1C5", "T", 4215.94, -1320.04, 0],
		[42, "R1CO", "T", 475.79, -1359.41, 0],
		[43, "R2C1", "T", 1224.41, -2106.3, 0],
		[44, "R2C2", "T", 1971.85, -1974.33, 0],
		[45, "R2C3", "T", 2719.88, -1880.59, 0],
		[46, "R2C4", "T", 3467.91, -1974.33, 0],
		[47, "R2C5", "T", 4215.94, -2068.07, 0],
		[48, "R2CO", "T", 475.79, -2107.44, 0],
		[49, "R3C0", "T", 3093.9, -2816.1, 0],
		[50, "R3C1", "T", 3913.39, -2901.58, 348.06],
		[51, "R3C2", "T", 4696.85, -3153.54, 336.12],
		[52, "R3C3", "T", 4963.98, -2068.07, 0],
		[53, "R3C4", "T", 4963.98, -1320.04, 0],
		[54, "ROC1", "T", 1223.82, -611.38, 0],
		[55, "ROC2", "T", 1971.85, -478.27, 0],
		[56, "ROC3", "T", 2719.88, -384.53, 0],
		[57, "ROC4", "T", 3467.91, -478.27, 0],
		[58, "ROC5", "T", 4215.94, -572.01, 0],
		[59, "ROCO", "T", 475.79, -611.38, 0],
		[60, "ROW0", "T", 4656.3, -885.83, 0],
		[61, "ROW1", "T", 5295.28, -882.2, 0],
		[62, "U16", "T", 5027.56, -417.32, 0],
		[63, "U20", "T", 5519.69, -2606.3, 90]
	]
},
"pins": {
	"fields": ["PIN_NO", "PIN_NAME", "PIN_X", "PIN_Y", "LAYER", "PIN_TYPE", "NET_NAME", "NET_TYPE", "PAD_SHAPE", "PAD_SIZEX", "PAD_SIZEY", "HOLE_SIZE", "PAD_ANGLE"],
	"rows": [
		[1, "BATCONN_1", 2561.81, -2551.18, "T", "DIP", "BAT+", "", "R", 66.93, 66.93, 39.37, 180],
		[2, "BATCONN_1", 2561.81, -2551.18, "B", "DIP", "BAT+", "", "R", 66.93, 66.93, 39.37, 180],
		[3, "BATCONN_2", 2461.81, -2551.18, "T", "DIP", "CHARGE-", "", "C", 66.93, 66.93, 39.37, 180],
		[4, "BATCONN_2", 2461.81, -2551.18, "B", "DIP", "CHARGE-", "", "C", 66.93, 66.93, 39.37, 180],
		[5, "BATENABLE_1", 5637.8, -740.16, "T", "DIP", "BATENABLE_1", "", "C", 60, 60, 36, 90],
		[6, "BATENABLE_1", 5637.8, -740.16, "B", "DIP", "BATENABLE_1", "", "C", 60, 60, 36, 90],
		[7, "BATENABLE_2", 5637.8, -661.42, "T", "DIP", "BAT+", "", "C", 60, 60, 36, 90],
		[8, "BATENABLE_2", 5637.8, -661.42, "B", "DIP", "BAT+", "", "C", 60, 60, 36, 90],
		[9, "BATENABLE_3", 5637.8, -582.68, "T", "DIP", "CHARGE+", "", "C", 60, 60, 36, 90],
		[10, "BATENABLE_3", 5637.8, -582.68, "B", "DIP", "CHARGE+", "", "C", 60, 60, 36, 90],
		[11, "BATENABLE_EH", 5637.8, -503.94, "T", "DIP", "BATENABLE_EH", "", "O", 62.99, 78.74, 55.12, 90],
		[12, "BATENABLE_EH", 5637.8, -503.94, "B", "DIP", "BATENABLE_EH", "", "O", 62.99, 78.74, 55.12, 90],
		[13, "BATENABLE_EH", 5637.8, -818.9, "T", "DIP", "BATENABLE_A_EH", "", "O", 62.99, 78.74, 55.12, 90],
		[14, "BATENABLE_EH", 5637.8, -818.9, "B", "DIP", "BATENABLE_A_EH", "", "O", 62.99, 78.74, 55.12, 90],
		[15, "BLEMCU_1", 5637.8, -1157.48, "T", "DIP", "BLEMCU_1", "", "C", 60, 60, 36, 90],
		[16, "BLEMCU_1", 5637.8, -1157.48, "B", "DIP", "BLEMCU_1", "", "C", 60, 60, 36, 90],
		[17, "BLEMCU_2", 5637.8, -1078.74, "T", "DIP", "$2N2148", "", "C", 60, 60, 36, 90],
		[18, "BLEMCU_2", 5637.8, -1078.74, "B", "DIP", "$2N2148", "", "C", 60, 60, 36, 90],
		[19, "BLEMCU_3", 5637.8, -1000, "T", "DIP", "ROW3", "", "C", 60, 60, 36, 90],
		[20, "BLEMCU_3", 5637.8, -1000, "B", "DIP", "ROW3", "", "C", 60, 60, 36, 90],
		[21, "BLEMCU_EH", 5637.8, -921.26, "T", "DIP", "BLEMCU_EH", "", "O", 62.99, 78.74, 55.12, 90],
		[22, "BLEMCU_EH", 5637.8, -921.26, "B", "DIP", "BLEMCU_EH", "", "O", 62.99, 78.74, 55.12, 90],
		[23, "BLEMCU_EH", 5637.8, -1236.22, "T", "DIP", "BLEMCU_A_EH", "", "O", 62.99, 78.74, 55.12, 90],
		[24, "BLEMCU_EH", 5637.8, -1236.22, "B", "DIP", "BLEMCU_A_EH", "", "O", 62.99, 78.74, 55.12, 90],
		[25, "CHARGE-_1", 4562.99, -102.36, "T", "DIP", "CHARGE-", "", "R", 55.12, 55.12, 35.43, 0],
		[26, "CHARGE-_1", 4562.99, -102.36, "B", "DIP", "CHARGE-", "", "R", 55.12, 55.12, 35.43, 0],
		[27, "CHARGE+_1", 4960.63, -877.95, "T", "DIP", "CHARGE+", "", "R", 55.12, 55.12, 35.43, 0],
		[28, "CHARGE+_1", 4960.63, -877.95, "B", "DIP", "CHARGE+", "", "R", 55.12, 55.12, 35.43, 0],
		[29, "D6_1", 3094.49, -2196.55, "T", "SMD", "COLUMN3", "", "R", 34.65, 38.98, 0, 90],
		[30, "D6_2", 3094.49, -2063.29, "T", "SMD", "$2N2120", "", "R", 34.65, 38.98, 0, 90],
		[31, "D8_1", 3842.52, -2196.55, "T", "SMD", "COLUMN4", "", "R", 34.65, 38.98, 0, 90],
		[32, "D8_2", 3842.52, -2063.29, "T", "SMD", "$2N2117", "", "R", 34.65, 38.98, 0, 90],
		[33, "D9_1", 4586.62, -2196.55, "T", "SMD", "COLUMN5", "", "R", 34.65, 38.98, 0, 90],
		[34, "D9_2", 4586.62, -2063.29, "T", "SMD", "$2N2114", "", "R", 34.65, 38.98, 0, 90],
		[35, "D10_1", 850.39, -2196.55, "T", "SMD", "COLUMN0", "", "R", 34.65, 38.98, 0, 90],
		[36, "D10_2", 850.39, -2063.29, "T", "SMD", "$2N2132", "", "R", 34.65, 38.98, 0, 90],
		[37, "D11_1", 1598.43, -2196.55, "T", "SMD", "COLUMN1", "", "R", 34.65, 38.98, 0, 90],
		[38, "D11_2", 1598.43, -2063.29, "T", "SMD", "$2N2129", "", "R", 34.65, 38.98, 0, 90],
		[39, "D12_1", 2342.52, -2196.55, "T", "SMD", "COLUMN2", "", "R", 34.65, 38.98, 0, 90],
		[40, "D12_2", 2342.52, -2063.29, "T", "SMD", "$2N2123", "", "R", 34.65, 38.98, 0, 90],
		[41, "D13_1", 3098.43, -1448.52, "T", "SMD", "COLUMN3", "", "R", 34.65, 38.98, 0, 90],
		[42, "D13_2", 3098.43, -1315.26, "T", "SMD", "$2N2105", "", "R", 34.65, 38.98, 0, 90],
		[43, "D14_1", 3846.46, -1448.52, "T", "SMD", "COLUMN4", "", "R", 34.65, 38.98, 0, 90],
		[44, "D14_2", 3846.46, -1315.26, "T", "SMD", "$2N2108", "", "R", 34.65, 38.98, 0, 90],
		[45, "D15_1", 4590.55, -1448.52, "T", "SMD", "COLUMN5", "", "R", 34.65, 38.98, 0, 90],
		[46, "D15_2", 4590.55, -1315.26, "T", "SMD", "$2N2111", "", "R", 34.65, 38.98, 0, 90],
		[47, "D16_1", 842.52, -1448.52, "T", "SMD", "COLUMN0", "", "R", 34.65, 38.98, 0, 90],
		[48, "D16_2", 842.52, -1315.26, "T", "SMD", "$2N2096", "", "R", 34.65, 38.98, 0, 90],
		[49, "D17_1", 1601.14, -1448.52, "T", "SMD", "COLUMN1", "", "R", 34.65, 38.98, 0, 90],
		[50, "D17_2", 1601.14, -1315.26, "T", "SMD", "$2N2099", "", "R", 34.65, 38.98, 0, 90],
		[51, "D18_1", 2346.46, -1448.52, "T", "SMD", "COLUMN2", "", "R", 34.65, 38.98, 0, 90],
		[52, "D18_2", 2346.46, -1315.26, "T", "SMD", "$2N2102", "", "R", 34.65, 38.98, 0, 90],
		[53, "D19_1", 3111.14, -691.47, "T", "SMD", "COLUMN3", "", "R", 34.65, 38.98, 0, 90],
		[54, "D19_2", 3111.14, -558.21, "T", "SMD", "$2N2083", "", "R", 34.65, 38.98, 0, 90],
		[55, "D20_1", 3835.19, -691.47, "T", "SMD", "COLUMN4", "", "R", 34.65, 38.98, 0, 90],
		[56, "D20_2", 3835.19, -558.21, "T", "SMD", "$2N2086", "", "R", 34.65, 38.98, 0, 90],
		[57, "D21_1", 4590.55, -691.47, "T", "SMD", "COLUMN5", "", "R", 34.65, 38.98, 0, 90],
		[58, "D21_2", 4590.55, -558.21, "T", "SMD", "$2N2089", "", "R", 34.65, 38.98, 0, 90],
		[59, "D22_1", 854.33, -700.49, "T", "SMD", "COLUMN0", "", "R", 34.65, 38.98, 0, 90],
		[60, "D22_2", 854.33, -567.23, "T", "SMD", "$2N2074", "", "R", 34.65, 38.98, 0, 90],
		[61, "D23_1", 1601.14, -691.47, "T", "SMD", "COLUMN1", "", "R", 34.65, 38.98, 0, 90],
		[62, "D23_2", 1601.14, -558.21, "T", "SMD", "$2N2077", "", "R", 34.65, 38.98, 0, 90],
		[63, "D24_1", 2351.14, -691.47, "T", "SMD", "COLUMN2", "", "R", 34.65, 38.98, 0, 90],
		[64, "D24_2", 2351.14, -558.21, "T", "SMD", "$2N2080", "", "R", 34.65, 38.98, 0, 90],
		[65, "D30_1", 3508.82, -2806.43, "T", "SMD", "COLUMN0", "", "R", 34.65, 38.98, 0, 84.03],
		[66, "D30_2", 3522.68, -2673.89, "T", "SMD", "$2N38113", "", "R", 34.65, 38.98, 0, 84.03],
		[67, "D31_1", 4278.76, -3118.53, "T", "SMD", "COLUMN1", "", "R", 34.65, 38.98, 0, 72.12],
		[68, "D31_2", 4319.67, -2991.71, "T", "SMD", "$2N40845", "", "R", 34.65, 38.98, 0, 72.12],
		[69, "D32_1", 5016.34, -3371.95, "T", "SMD", "COLUMN2", "", "R", 34.65, 38.98, 0, 66.12],
		[70, "D32_2", 5070.28, -3250.1, "T", "SMD", "$2N2144", "", "R", 34.65, 38.98, 0, 66.12],
		[71, "D33_1", 5350.4, -2188.68, "T", "SMD", "COLUMN3", "", "R", 34.65, 38.98, 0, 90],
		[72, "D33_2", 5350.4, -2055.42, "T", "SMD", "$2N2135", "", "R", 34.65, 38.98, 0, 90],
		[73, "D34_1", 5358.27, -1389.47, "T", "SMD", "COLUMN4", "", "R", 34.65, 38.98, 0, 90],
		[74, "D34_2", 5358.27, -1256.21, "T", "SMD", "$2N2138", "", "R", 34.65, 38.98, 0, 90],
		[75, "D35_1", 5484.25, -1247.73, "T", "SMD", "COLUMN5", "", "R", 34.65, 38.98, 0, 90],
		[76, "D35_2", 5484.25, -1114.47, "T", "SMD", "$2N2148", "", "R", 34.65, 38.98, 0, 90],
		[77, "I2CBus_1", 5644.49, -348.03, "T", "DIP", "3.3V", "", "R", 66.93, 62.99, 39.37, 90],
		[78, "I2CBus_1", 5644.49, -348.03, "B", "DIP", "3.3V", "", "R", 66.93, 62.99, 39.37, 90],
		[79, "I2CBus_2", 5544.49, -348.03, "T", "DIP", "GND", "GND", "C", 62.99, 62.99, 39.37, 90],
		[80, "I2CBus_2", 5544.49, -348.03, "B", "DIP", "GND", "GND", "C", 62.99, 62.99, 39.37, 90],
		[81, "I2CBus_3", 5644.49, -248.03, "T", "DIP", "SCL", "", "C", 62.99, 62.99, 39.37, 90],
		[82, "I2CBus_3", 5644.49, -248.03, "B", "DIP", "SCL", "", "C", 62.99, 62.99, 39.37, 90],
		[83, "I2CBus_4", 5544.49, -248.03, "T", "DIP", "SDA", "", "C", 62.99, 62.99, 39.37, 90],
		[84, "I2CBus_4", 5544.49, -248.03, "B", "DIP", "SDA", "", "C", 62.99, 62.99, 39.37, 90],
		[85, "I2CBus_5", 5644.49, -148.03, "T", "DIP", "VBUS", "", "C", 62.99, 62.99, 39.37, 90],
		[86, "I2CBus_5", 5644.49, -148.03, "B", "DIP", "VBUS", "", "C", 62.99, 62.99, 39.37, 90],
		[87, "I2CBus_6", 5544.49, -148.03, "T", "DIP", "LED_OUT", "", "C", 62.99, 62.99, 39.37, 90],
		[88, "I2CBus_6", 5544.49, -148.03, "B", "DIP", "LED_OUT", "", "C", 62.99, 62.99, 39.37, 90],
		[89, "LED13_1", 5620.08, -2190.95, "T", "SMD", "LED_OUT", "", "R", 31.5, 25.59, 0, 270],
		[90, "LED13_2", 5620.08, -2131.89, "T", "SMD", "VBUS", "", "R", 31.5, 25.59, 0, 270],
		[91, "LED13_3", 5655.51, -2190.95, "T", "SMD", "GND", "GND", "R", 31.5, 25.59, 0, 270],
		[92, "LED13_4", 5655.51, -2131.89, "T", "SMD", "$3N4066", "", "R", 31.5, 25.59, 0, 270],
		[93, "LED14_1", 5620.08, -2037.25, "T", "SMD", "$3N4066", "", "R", 31.5, 25.59, 0, 270],
		[94, "LED14_2", 5620.08, -1978.19, "T", "SMD", "VBUS", "", "R", 31.5, 25.59, 0, 270],
		[95, "LED14_3", 5655.51, -2037.25, "T", "SMD", "GND", "GND", "R", 31.5, 25.59, 0, 270],
		[96, "LED14_4", 5655.51, -1978.19, "T", "SMD", "$3N4059", "", "R", 31.5, 25.59, 0, 270],
		[97, "LED15_1", 5620.08, -1883.53, "T", "SMD", "$3N4059", "", "R", 31.5, 25.59, 0, 270],
		[98, "LED15_2", 5620.08, -1824.47, "T", "SMD", "VBUS", "", "R", 31.5, 25.59, 0, 270],
		[99, "LED15_3", 5655.52, -1883.53, "T", "SMD", "GND", "GND", "R", 31.5, 25.59, 0, 270],
		[100, "LED15_4", 5655.52, -1824.47, "T", "SMD", "$3N3652", "", "R", 31.5, 25.59, 0, 270],
		[101, "LED16_1", 5620.08, -1729.82, "T", "SMD", "$3N3652", "", "R", 31.5, 25.59, 0, 270],
		[102, "LED16_2", 5620.08, -1670.76, "T", "SMD", "VBUS", "", "R", 31.5, 25.59, 0, 270],
		[103, "LED16_3", 5655.52, -1729.82, "T", "SMD", "GND", "GND", "R", 31.5, 25.59, 0, 270],
		[104, "LED16_4", 5655.52, -1670.76, "T", "SMD", "$3N3647", "", "R", 31.5, 25.59, 0, 270],
		[105, "LED17_1", 5620.08, -1576.12, "T", "SMD", "$3N3647", "", "R", 31.5, 25.59, 0, 270],
		[106, "LED17_2", 5620.08, -1517.06, "T", "SMD", "VBUS", "", "R", 31.5, 25.59, 0, 270],
		[107, "LED17_3", 5655.52, -1576.12, "T", "SMD", "GND", "GND", "R", 31.5, 25.59, 0, 270],
		[108, "LED17_4", 5655.52, -1517.06, "T", "SMD", "$3N3637", "", "R", 31.5, 25.59, 0, 270],
		[109, "LED18_1", 5620.08, -1422.41, "T", "SMD", "$3N3637", "", "R", 31.5, 25.59, 0, 270],
		[110, "LED18_2", 5620.08, -1363.35, "T", "SMD", "VBUS", "", "R", 31.5, 25.59, 0, 270],
		[111, "LED18_3", 5655.52, -1422.41, "T", "SMD", "GND", "GND", "R", 31.5, 25.59, 0, 270],
		[112, "LED18_4", 5655.52, -1363.35, "T", "SMD", "RGB_CTRL", "", "R", 31.5, 25.59, 0, 270],
		[113, "R1C1_1", 973.86, -1128.62, "B", "SMD", "ROW1", "", "P", 100, 100, 0, 0],
		[114, "R1C1_2", 1545.12, -1171.93, "B", "SMD", "$2N2099", "", "P", 100, 100, 0, 0],
		[115, "R1C2_1", 1720.71, -997.99, "B", "SMD", "ROW1", "", "P", 100, 100, 0, 0],
		[116, "R1C2_2", 2291.97, -1041.3, "B", "SMD", "$2N2102", "", "P", 100, 100, 0, 0],
		[117, "R1C3_1", 2468.74, -904.25, "B", "SMD", "ROW1", "", "P", 100, 100, 0, 0],
		[118, "R1C3_2", 3040, -947.56, "B", "SMD", "$2N2105", "", "P", 100, 100, 0, 0],
		[119, "R1C4_1", 3216.77, -997.99, "B", "SMD", "ROW1", "", "P", 100, 100, 0, 0],
		[120, "R1C4_2", 3788.03, -1041.3, "B", "SMD", "$2N2108", "", "P", 100, 100, 0, 0],
		[121, "R1C5_1", 3964.8, -1091.73, "B", "SMD", "ROW1", "", "P", 100, 100, 0, 0],
		[122, "R1C5_2", 4536.06, -1135.04, "B", "SMD", "$2N2111", "", "P", 100, 100, 0, 0],
		[123, "R1CO_1", 224.64, -1131.1, "B", "SMD", "ROW1", "", "P", 100, 100, 0, 0],
		[124, "R1CO_2", 795.91, -1174.41, "B", "SMD", "$2N2096", "", "P", 100, 100, 0, 0],
		[125, "R2C1_1", 973.27, -1877.99, "B", "SMD", "ROW2", "", "P", 100, 100, 0, 0],
		[126, "R2C1_2", 1544.53, -1921.3, "B", "SMD", "$2N2129", "", "P", 100, 100, 0, 0],
		[127, "R2C2_1", 1720.71, -1746.02, "B", "SMD", "ROW2", "", "P", 100, 100, 0, 0],
		[128, "R2C2_2", 2291.97, -1789.33, "B", "SMD", "$2N2123", "", "P", 100, 100, 0, 0],
		[129, "R2C3_1", 2468.74, -1652.28, "B", "SMD", "ROW2", "", "P", 100, 100, 0, 0],
		[130, "R2C3_2", 3040, -1695.59, "B", "SMD", "$2N2120", "", "P", 100, 100, 0, 0],
		[131, "R2C4_1", 3216.77, -1746.02, "B", "SMD", "ROW2", "", "P", 100, 100, 0, 0],
		[132, "R2C4_2", 3788.03, -1789.33, "B", "SMD", "$2N2117", "", "P", 100, 100, 0, 0],
		[133, "R2C5_1", 3964.8, -1839.76, "B", "SMD", "ROW2", "", "P", 100, 100, 0, 0],
		[134, "R2C5_2", 4536.06, -1883.07, "B", "SMD", "$2N2114", "", "P", 100, 100, 0, 0],
		[135, "R2CO_1", 224.64, -1879.13, "B", "SMD", "ROW2", "", "P", 100, 100, 0, 0],
		[136, "R2CO_2", 795.91, -1922.44, "B", "SMD", "$2N2132", "", "P", 100, 100, 0, 0],
		[137, "R3C0_1", 2842.75, -2587.8, "B", "SMD", "ROW3", "", "P", 100, 100, 0, 0],
		[138, "R3C0_2", 3414.02, -2631.1, "B", "SMD", "$2N38113", "", "P", 100, 100, 0, 0],
		[139, "R3C1_1", 3714.91, -2626.25, "B", "SMD", "ROW3", "", "P", 118.53, 118.53, 0, 348.06],
		[140, "R3C1_2", 4264.85, -2786.81, "B", "SMD", "$2N40845", "", "P", 118.53, 118.53, 0, 348.06],
		[141, "R3C2_1", 4559.63, -2843.11, "B", "SMD", "ROW3", "", "P", 131.92, 131.92, 0, 336.12],
		[142, "R3C2_2", 5064.46, -3113.97, "B", "SMD", "$2N2144", "", "P", 131.92, 131.92, 0, 336.12],
		[143, "R3C3_1", 4712.83, -1839.76, "B", "SMD", "ROW3", "", "P", 100, 100, 0, 0],
		[144, "R3C3_2", 5284.09, -1883.07, "B", "SMD", "$2N2135", "", "P", 100, 100, 0, 0],
		[145, "R3C4_1", 4712.83, -1091.73, "B", "SMD", "ROW3", "", "P", 100, 100, 0, 0],
		[146, "R3C4_2", 5284.09, -1135.04, "B", "SMD", "$2N2138", "", "P", 100, 100, 0, 0],
		[147, "ROC1_1", 972.67, -383.07, "B", "SMD", "ROW0", "", "P", 100, 100, 0, 0],
		[148, "ROC1_2", 1543.94, -426.38, "B", "SMD", "$2N2077", "", "P", 100, 100, 0, 0],
		[149, "ROC2_1", 1720.71, -249.96, "B", "SMD", "ROW0", "", "P", 100, 100, 0, 0],
		[150, "ROC2_2", 2291.97, -293.27, "B", "SMD", "$2N2080", "", "P", 100, 100, 0, 0],
		[151, "ROC3_1", 2468.74, -156.22, "B", "SMD", "ROW0", "", "P", 100, 100, 0, 0],
		[152, "ROC3_2", 3040, -199.53, "B", "SMD", "$2N2083", "", "P", 100, 100, 0, 0],
		[153, "ROC4_1", 3216.77, -249.96, "B", "SMD", "ROW0", "", "P", 100, 100, 0, 0],
		[154, "ROC4_2", 3788.03, -293.27, "B", "SMD", "$2N2086", "", "P", 100, 100, 0, 0],
		[155, "ROC5_1", 3964.8, -343.7, "B", "SMD", "ROW0", "", "P", 100, 100, 0, 0],
		[156, "ROC5_2", 4536.06, -387.01, "B", "SMD", "$2N2089", "", "P", 100, 100, 0, 0],
		[157, "ROCO_1", 224.64, -383.07, "B", "SMD", "ROW0", "", "P", 100, 100, 0, 0],
		[158, "ROCO_2", 795.91, -426.38, "B", "SMD", "$2N2074", "", "P", 100, 100, 0, 0],
		[159, "ROW0_1", 4656.3, -885.83, "T", "DIP", "ROW0", "", "R", 55.12, 55.12, 35.43, 0],
		[160, "ROW0_1", 4656.3, -885.83, "B", "DIP", "ROW0", "", "R", 55.12, 55.12, 35.43, 0],
		[161, "ROW1_1", 5295.28, -882.2, "T", "DIP", "ROW1", "", "R", 55.12, 55.12, 35.43, 0],
		[162, "ROW1_1", 5295.28, -882.2, "B", "DIP", "ROW1", "", "R", 55.12, 55.12, 35.43, 0],
		[163, "U16_1", 4692.92, -117.32, "T", "SMD", "RGB_CTRL", "", "R", 118.11, 78.74, 0, 0],
		[164, "U16_2", 4692.92, -217.32, "T", "SMD", "COLUMN0", "", "R", 118.11, 78.74, 0, 0],
		[165, "U16_3", 4692.92, -317.32, "T", "SMD", "COLUMN1", "", "R", 118.11, 78.74, 0, 0],
		[166, "U16_4", 4692.92, -417.32, "T", "SMD", "COLUMN2", "", "R", 118.11, 78.74, 0, 0],
		[167, "U16_5", 4692.92, -517.32, "T", "SMD", "COLUMN3", "", "R", 118.11, 78.74, 0, 0],
		[168, "U16_6", 4692.92, -617.32, "T", "SMD", "COLUMN4", "", "R", 118.11, 78.74, 0, 0],
		[169, "U16_7", 4692.92, -717.32, "T", "SMD", "COLUMN5", "", "R", 118.11, 78.74, 0, 0],
		[170, "U16_8", 5362.21, -717.32, "T", "SMD", "ROW2", "", "R", 118.11, 78.74, 0, 0],
		[171, "U16_9", 5362.21, -617.32, "T", "SMD", "ROW3", "", "R", 118.11, 78.74, 0, 0],
		[172, "U16_10", 5362.21, -517.32, "T", "SMD", "SCL", "", "R", 118.11, 78.74, 0, 0],
		[173, "U16_11", 5362.21, -417.32, "T", "SMD", "SDA", "", "R", 118.11, 78.74, 0, 0],
		[174, "U16_12", 5362.21, -317.32, "T", "SMD", "3.3V", "", "R", 118.11, 78.74, 0, 0],
		[175, "U16_13", 5362.21, -217.32, "T", "SMD", "GND", "GND", "R", 118.11, 78.74, 0, 0],
		[176, "U16_14", 5362.21, -117.32, "T", "SMD", "VBUS", "", "R", 118.11, 78.74, 0, 0],
		[177, "U16_15", 4977.56, -87.01, "T", "SMD", "U16_15", "", "C", 59.05, 59.05, 0, 0],
		[178, "U16_16", 5077.56, -87.01, "T", "SMD", "U16_16", "", "C", 59.05, 59.05, 0, 0],
		[179, "U16_17", 4977.56, -187.01, "T", "SMD", "U16_17", "", "C", 59.05, 59.05, 0, 0],
		[180, "U16_18", 5077.56, -187.01, "T", "SMD", "U16_18", "", "C", 59.05, 59.05, 0, 0],
		[181, "U16_19", 5177.17, -781.5, "T", "SMD", "ROW0", "", "R", 70, 45, 0, 90],
		[182, "U16_20", 5251.97, -781.5, "T", "SMD", "ROW1", "", "R", 70, 45, 0, 90],
		[183, "U16_21", 4850.4, -330.71, "T", "SMD", "CHARGE-", "", "R", 90.55, 51.18, 0, 180],
		[184, "U16_22", 4850.4, -405.51, "T", "SMD", "CHARGE+", "", "R", 90.55, 51.18, 0, 180],
		[185, "U20_12", 5455.42, -2805.91, "T", "SMD", "U20_12", "", "R", 70.87, 57.09, 0, 90],
		[186, "U20_13", 5455.42, -2406.7, "T", "SMD", "U20_13", "", "R", 70.87, 57.09, 0, 90],
		[187, "U20_14", 5619.99, -2805.91, "T", "SMD", "U20_14", "", "R", 70.87, 47.24, 0, 90],
		[188, "U20_15", 5619.99, -2406.7, "T", "SMD", "U20_15", "", "R", 70.87, 47.24, 0, 90],
		[189, "U20_A12B1", 5419.38, -2478.36, "T", "SMD", "GND", "GND", "R", 23.62, 57.09, 0, 90],
		[190, "U20_A1B12", 5419.38, -2734.26, "T", "SMD", "GND", "GND", "R", 23.62, 57.09, 0, 90],
		[191, "U20_A4B9", 5419.38, -2702.76, "T", "SMD", "VBUS", "", "R", 23.62, 57.09, 0, 90],
		[192, "U20_A5", 5419.38, -2655.51, "T", "SMD", "U20_A5", "", "R", 11.81, 57.09, 0, 90],
		[193, "U20_A6", 5419.38, -2616.14, "T", "SMD", "SCL", "", "R", 11.81, 57.09, 0, 90],
		[194, "U20_A7", 5419.38, -2596.46, "T", "SMD", "SDA", "", "R", 11.81, 57.09, 0, 90],
		[195, "U20_A8", 5419.38, -2557.09, "T", "SMD", "U20_A8", "", "R", 11.81, 57.09, 0, 90],
		[196, "U20_A9B4", 5419.38, -2509.85, "T", "SMD", "VBUS", "", "R", 23.62, 57.09, 0, 90],
		[197, "U20_B5", 5419.38, -2537.4, "T", "SMD", "U20_B5", "", "R", 11.81, 57.09, 0, 90],
		[198, "U20_B6", 5419.38, -2576.77, "T", "SMD", "SCL", "", "R", 11.81, 57.09, 0, 90],
		[199, "U20_B7", 5419.38, -2635.83, "T", "SMD", "SDA", "", "R", 11.81, 57.09, 0, 90],
		[200, "U20_B8", 5419.38, -2675.2, "T", "SMD", "U20_B8", "", "R", 11.81, 57.09, 0, 90]
	]
}
}